Sentiment,AvgLikes,AvgRetweets
Negative,216.77391304347827,72.77391304347826
Neutral,230.078125,74.53125
Positive,194.9504132231405,78.14049586776859
