AgeGroup,AvgLikes,AvgRetweets
Adult,213.0,76.06024096385542
Senior,212.28346456692913,75.48031496062993
Teen,206.7111111111111,74.38888888888889
